id,Details,NDVI_TAMU,NDVI_WSU,Yield
1,HiRain_Hard_SP,0.930116895,0.519233543,74.08
2,HiRain_Hard_SP,0.926207496,0.521429199,30.368
3,HiRain_Hard_SP,0.941816367,0.588726213,93.568
4,HiRain_Hard_SP,0.939317525,0.580742053,87.328
5,HiRain_Hard_SP,0.949644474,0.615526615,88.896
6,HiRain_Hard_SP,0.926381638,0.537841929,86.304
7,HiRain_Hard_SP,0.936567078,0.556325016,78.304
8,HiRain_Hard_SP,0.93158955,0.544386474,91.968
9,HiRain_Hard_SP,0.949721561,0.619621391,112.736
10,HiRain_Hard_SP,0.950651396,0.617832813,87.744
11,HiRain_Hard_SP,0.923748256,0.544771684,70.752
12,HiRain_Hard_SP,0.953034252,0.636350989,103.424
13,HiRain_Hard_SP,0.951780964,0.636316112,106.336
14,HiRain_Hard_SP,0.957977106,0.659356192,105.92
15,HiRain_Hard_SP,0.958982462,0.669184107,123.936
16,HiRain_Hard_SP,0.957587244,0.655540421,117.376
17,HiRain_Hard_SP,0.94614999,0.605585103,110.56
18,HiRain_Hard_SP,0.948898392,0.616118641,119.872
19,HiRain_Hard_SP,0.951085934,0.619720501,116.8
20,HiRain_Hard_SP,0.949271796,0.610605923,126.816
21,HiRain_Hard_SP,0.95005788,0.636609085,116.96
22,HiRain_Hard_SP,0.952223755,0.631320869,102.272
23,HiRain_Hard_SP,0.94531063,0.58884623,119.424
24,HiRain_Hard_SP,0.953194146,0.632814812,108.96
25,HiRain_Hard_SP,0.954345172,0.639100968,106.784
26,HiRain_Hard_SP,0.951611698,0.625429334,97.632
27,HiRain_Hard_SP,0.944124479,0.586151498,107.648
28,HiRain_Hard_SP,0.953193878,0.630550872,96.032
29,HiRain_Hard_SP,0.948130049,0.634412627,107.072
30,HiRain_Hard_SP,0.956998833,0.673282103,104.736
31,HiRain_Hard_SP,0.955770527,0.653905816,99.52
32,HiRain_Hard_SP,0.956632905,0.654837125,91.808
33,HiRain_Hard_SP,0.965698998,0.713302497,103.296
34,HiRain_Hard_SP,0.965105657,0.70534898,104.16
35,HiRain_Hard_SP,0.962831143,0.682779237,101.408
36,HiRain_Hard_SP,0.966159252,0.709200331,107.52
37,HiRain_Hard_SP,0.963114604,0.687936536,94.432
38,HiRain_Hard_SP,0.968242246,0.719831621,106.784
39,HiRain_Hard_SP,0.964750207,0.695531397,101.408
40,HiRain_Hard_SP,0.96435555,0.703538322,100.256
41,HiRain_Hard_SP,0.976311413,0.790195331,91.808
42,HiRain_Hard_SP,0.964866225,0.700640619,97.92
43,HiRain_Hard_SP,0.967872299,0.725518702,128.576
44,HiRain_Hard_SP,0.968913729,0.728880855,120.864
45,HiRain_Hard_SP,0.969009769,0.725509766,126.976
46,HiRain_Hard_SP,0.964561663,0.69980935,122.752
47,HiRain_Hard_SP,0.970056515,0.731940503,132.928
48,HiRain_Hard_SP,0.964694074,0.696690905,124.224
49,HiRain_Hard_SP,0.950498995,0.633642224,105.344
50,HiRain_Hard_SP,0.967564144,0.716386092,121.44
51,HiRain_Hard_SP,0.970139927,0.733572777,126.528
52,HiRain_Hard_SP,0.963148554,0.6890456,115.36
53,HiRain_Hard_SP,0.959499297,0.677612362,114.624
54,HiRain_Hard_SP,0.965354072,0.712527904,122.336
55,HiRain_Hard_SP,0.955606596,0.649913115,109.408
56,HiRain_Hard_SP,0.95732363,0.660992155,117.248
57,HiRain_Hard_SP,0.965838857,0.703698117,107.808
58,HiRain_Hard_SP,0.968142758,0.720818415,109.12
59,HiRain_Hard_SP,0.969004557,0.72632943,110.272
60,HiRain_Hard_SP,0.966162507,0.708659358,106.912
61,HiRain_Hard_SP,0.945872903,0.635463662,92.832
62,HiRain_Hard_SP,0.96737709,0.712411704,111.424
63,HiRain_Hard_SP,0.969576652,0.731256732,108.224
64,HiRain_Hard_SP,0.967136399,0.715192631,111.008
65,HiRain_Hard_SP,0.96455438,0.700833936,114.336
66,HiRain_Hard_SP,0.966417335,0.714547899,116.384
67,HiRain_Hard_SP,0.967874716,0.726070511,104.608
68,HiRain_Hard_SP,0.957177475,0.65985735,100.384
69,HiRain_Hard_SP,0.953964065,0.640741398,107.072
70,HiRain_Hard_SP,0.956149492,0.6564638,110.56
71,HiRain_Hard_SP,0.898250342,0.464606119,81.344
72,HiRain_Hard_SP,0.914597225,0.507682504,78.464
73,HiRain_Hard_SP,0.896385276,0.454633683,83.392
74,HiRain_Hard_SP,0.947849646,0.596448382,89.632
75,HiRain_Hard_SP,0.948859194,0.612925251,106.624
76,HiRain_Hard_SP,0.952728587,0.616888734,109.12
77,HiRain_Hard_SP,0.963449468,0.684016154,135.84
78,HiRain_Hard_SP,0.963175864,0.694122011,103.296
79,HiRain_Hard_SP,0.9578695,0.661978756,117.952
80,HiRain_Hard_SP,0.956781118,0.658820417,106.336
81,HiRain_Hard_SP,0.956484375,0.663485554,108.096
82,HiRain_Hard_SP,0.965506901,0.706771038,126.24
83,HiRain_Hard_SP,0.967066419,0.71416695,117.376
84,HiRain_Hard_SP,0.966380001,0.712710352,114.912
85,HiRain_Hard_SP,0.961021505,0.679059298,106.784
86,HiRain_Hard_SP,0.949760333,0.61968774,105.76
87,HiRain_Hard_SP,0.953700107,0.641692653,96.608
88,HiRain_Hard_SP,0.95730412,0.657909141,103.296
89,HiRain_Hard_SP,0.954256105,0.639619092,98.08
90,HiRain_Hard_SP,0.959066201,0.6708568,95.296
91,HiRain_Hard_SP,0.958901324,0.690973967,83.392
92,HiRain_Hard_SP,0.915181039,0.492628288,87.456
93,HiRain_Hard_SP,0.916274144,0.455743959,81.344
94,HiRain_Hard_SP,0.937136352,0.564667719,96.032
95,HiRain_Hard_SP,0.906507689,0.477601915,84.128
96,HiRain_Hard_SP,0.87905537,0.387710234,70.464
97,HiRain_Hard_SP,0.861310828,0.325413453,53.6
98,HiRain_Hard_SP,0.886954946,0.372151095,70.176
99,HiRain_Hard_SP,0.897922181,0.424869292,73.952
100,HiRain_Hard_SP,0.892861363,0.396789271,67.264
101,HiRain_Hard_SP,0.892430827,0.395792335,72.928
102,HiRain_Hard_SP,0.878047575,0.391879745,71.616
103,HiRain_Hard_SP,0.885627953,0.392983313,76.704
104,HiRain_Hard_SP,0.907402913,0.460832772,74.688
105,HiRain_Hard_SP,0.885181791,0.440498099,72.192
106,HiRain_Hard_SP,0.878900779,0.412139322,69.728
107,HiRain_Hard_SP,0.918446437,0.490664897,88.768
108,HiRain_Hard_SP,0.910801304,0.491754736,87.904
109,HiRain_Hard_SP,0.90260424,0.478793193,87.168
110,HiRain_Hard_SP,0.92058466,0.505975776,93.696
111,HiRain_Hard_SP,0.905569579,0.455586514,78.016
112,HiRain_Hard_SP,0.938752639,0.555030823,109.824
113,HiRain_Hard_SP,0.954752449,0.656610915,96.768
114,HiRain_Hard_SP,0.937711897,0.578602855,89.056
115,HiRain_Hard_SP,0.953627529,0.647337678,84.128
116,HiRain_Hard_SP,0.941405044,0.593547265,81.344
117,HiRain_Hard_SP,0.931469687,0.529146062,75.84
118,HiRain_Hard_SP,0.91860437,0.478358572,76.416
119,HiRain_Hard_SP,0.929613239,0.561673661,70.592
120,HiRain_Hard_SP,0.891152851,0.414880812,55.648
121,HiRain_Hard_SP,0.89711952,0.471200187,76.992
122,HiRain_Hard_SP,0.889862295,0.400268658,73.952
123,HiRain_Hard_SP,0.909800785,0.464980492,63.2
124,HiRain_Hard_SP,0.90902214,0.434437774,62.624
125,HiRain_Hard_SP,0.921301033,0.496744682,79.456
126,HiRain_Hard_SP,0.939095169,0.570352307,88.032
127,HiRain_Hard_SP,0.959406613,0.705570663,102.144
128,HiRain_Hard_SP,0.952051045,0.635567311,99.52
129,HiRain_Hard_SP,0.945551695,0.620120633,96.48
130,HiRain_Hard_SP,0.927616273,0.551636227,97.056
131,HiRain_Hard_SP,0.9539165,0.653376638,98.784
132,HiRain_Hard_SP,0.947408113,0.604754592,117.824
133,HiRain_Hard_SP,0.958101255,0.662097508,117.664
134,HiRain_Hard_SP,0.976586306,0.791011574,117.536
135,HiRain_Hard_SP,0.974715559,0.77437784,115.488
136,HiRain_Hard_SP,0.967651248,0.749320157,119.552
137,HiRain_Hard_SP,0.96935076,0.744072687,115.936
138,HiRain_Hard_SP,0.964126376,0.71901613,112
139,HiRain_Hard_SP,0.962694334,0.71058146,101.536
140,HiRain_Hard_SP,0.962981798,0.710257456,107.36
141,HiRain_Hard_SP,0.975032015,0.784506801,97.472
142,HiRain_Hard_SP,0.969548184,0.7346867,105.472
143,HiRain_Hard_SP,0.964117827,0.700540278,113.888
144,HiRain_Hard_SP,0.967245988,0.712616196,118.976
145,HiRain_Hard_SP,0.964994686,0.695610504,124.064
146,HiRain_Hard_SP,0.964808425,0.697577464,117.248
147,HiRain_Hard_SP,0.969977859,0.728783142,125.216
148,HiRain_Hard_SP,0.967673775,0.718535057,119.872
149,HiRain_Hard_SP,0.964325038,0.690783379,109.984
150,HiRain_Hard_SP,0.960678822,0.679138021,98.496
151,HiRain_Hard_SP,0.963539413,0.694506615,103.008
152,HiRain_Hard_SP,0.94388678,0.585576728,93.408
153,HiRain_Hard_SP,0.948055285,0.599307901,102.144
154,HiRain_Hard_SP,0.951142666,0.624929634,93.28
155,HiRain_Hard_SP,0.960334096,0.682495795,119.424
156,HiRain_Hard_SP,0.972173845,0.759619704,119.424
157,HiRain_Hard_SP,0.969579798,0.744712341,111.424
158,HiRain_Hard_SP,0.967492355,0.727287467,116.224
159,HiRain_Hard_SP,0.972317841,0.762449214,116.384
160,HiRain_Hard_SP,0.956196067,0.65148313,119.424
161,HiRain_Hard_SP,0.905063923,0.637973326,80.064
162,HiRain_Hard_SP,0.9709744,0.763885929,123.488
163,HiRain_Hard_SP,0.970406021,0.746957043,120.736
164,HiRain_Hard_SP,0.957793489,0.66916741,129.44
165,HiRain_Hard_SP,0.967863277,0.744604716,123.648
166,HiRain_Hard_SP,0.959438711,0.687336751,126.816
167,HiRain_Hard_SP,0.966926625,0.734559477,112.448
168,HiRain_Hard_SP,0.971737445,0.761516058,123.648
169,HiRain_Hard_SP,0.970190667,0.741820321,93.28
170,HiRain_Hard_SP,0.964737955,0.728345318,117.664
171,HiRain_Hard_SP,0.970605027,0.75216525,125.664
172,HiRain_Hard_SP,0.965270822,0.716168276,128.416
173,HiRain_Hard_SP,0.956597862,0.661842501,122.624
174,HiRain_Hard_SP,0.963132351,0.691060015,130.176
175,HiRain_Hard_SP,0.973182438,0.760016028,128.864
176,HiRain_Hard_SP,0.966147907,0.709470444,120.448
177,HiRain_Hard_SP,0.963195076,0.683051855,128
178,HiRain_Hard_SP,0.961946824,0.682088811,134.688
179,HiRain_Hard_SP,0.971866691,0.755470708,128.864
180,HiRain_Hard_SP,0.968251998,0.730272541,113.184
181,HiRain_Hard_SP,0.964252471,0.696686081,111.136
182,HiRain_Hard_SP,0.962083688,0.690048297,130.592
183,HiRain_Hard_SP,0.958145483,0.682667034,106.624
184,HiRain_Hard_SP,0.962552019,0.699560837,108.96
185,HiRain_Hard_SP,0.959625474,0.688264097,109.824
186,HiRain_Hard_SP,0.958549947,0.663500382,118.688
187,HiRain_Hard_SP,0.954012629,0.646229981,116.512
188,HiRain_Hard_SP,0.951524013,0.644106888,124.352
189,HiRain_Hard_SP,0.968625086,0.726338543,123.2
190,HiRain_Hard_SP,0.971009487,0.74432309,93.408
191,HiRain_Hard_SP,0.97752455,0.797291726,95.584
192,HiRain_Hard_SP,0.969938353,0.737025207,119.264
193,HiRain_Hard_SP,0.969979756,0.735650678,118.4
194,HiRain_Hard_SP,0.969756362,0.73017282,117.664
195,HiRain_Hard_SP,0.971518446,0.746246086,103.296
196,HiRain_Hard_SP,0.969556984,0.728604314,123.04
197,HiRain_Hard_SP,0.947014888,0.601824389,103.008
198,HiRain_Hard_SP,0.952304423,0.626182999,92.832
199,HiRain_Hard_SP,0.95365015,0.626513305,106.912
200,HiRain_Hard_SP,0.957081101,0.641092117,100.256
201,HiRain_Hard_SP,0.967863788,0.720430935,112.736
202,HiRain_Hard_SP,0.955019425,0.638084697,110.688
203,HiRain_Hard_SP,0.956879205,0.645076904,105.024
204,HiRain_Hard_SP,0.966288254,0.711151793,114.912
205,HiRain_Hard_SP,0.966359531,0.713088744,102.72
206,HiRain_Hard_SP,0.958728536,0.667694817,108.384
207,HiRain_Hard_SP,0.957590666,0.662629772,99.648
208,HiRain_Hard_SP,0.960950445,0.686782766,99.968
209,HiRain_Hard_SP,0.959526352,0.668799077,95.744
210,HiRain_Hard_SP,0.958528919,0.671520609,83.84
211,HiRain_Hard_SP,0.89465257,0.573608078,71.04
212,HiRain_Hard_SP,0.955166837,0.679685598,90.816
213,HiRain_Hard_SP,0.953908772,0.666118084,93.696
214,HiRain_Hard_SP,0.957558249,0.672369003,102.432
215,HiRain_Hard_SP,0.961624829,0.701846057,99.232
216,HiRain_Hard_SP,0.967760134,0.731770421,101.248
217,HiRain_Hard_SP,0.969691985,0.741703286,103.424
218,HiRain_Hard_SP,0.960904257,0.683501264,114.784
219,HiRain_Hard_SP,0.964068132,0.707973867,108.96
220,HiRain_Hard_SP,0.9583349,0.661473957,110.272
221,HiRain_Hard_SP,0.943697849,0.625045806,90.496
222,HiRain_Hard_SP,0.919442799,0.499434185,74.976
223,HiRain_Hard_SP,0.937740047,0.566636002,84.256
224,HiRain_Hard_SP,0.944759253,0.580337662,84.256
225,HiRain_Hard_SP,0.949377751,0.614872796,92.256
226,HiRain_Hard_SP,0.948937898,0.625105831,92.096
227,HiRain_Hard_SP,0.936659735,0.5491782,90.816
228,HiRain_Hard_SP,0.949076571,0.60899562,101.408
229,HiRain_Hard_SP,0.945598885,0.586696438,101.248
230,HiRain_Hard_SP,0.944861455,0.599536593,98.944
231,HiRain_Hard_SP,0.963778503,0.701867531,104.32
232,HiRain_Hard_SP,0.962225482,0.689290392,119.424
233,HiRain_Hard_SP,0.959143229,0.670025824,109.12
234,HiRain_Hard_SP,0.958611449,0.669557904,104.448
235,HiRain_Hard_SP,0.95171792,0.641576501,97.472
236,HiRain_Hard_SP,0.944525571,0.601289381,102.144
237,HiRain_Hard_SP,0.944626516,0.612527967,98.784
238,HiRain_Hard_SP,0.94342403,0.619763291,95.456
239,HiRain_Hard_SP,0.970728089,0.760332195,97.184
1,HiRain_SWW_SP,0.92588959,0.514868603,62.464
2,HiRain_SWW_SP,0.934329333,0.546439817,67.712
3,HiRain_SWW_SP,0.960406155,0.669838607,90.496
4,HiRain_SWW_SP,0.949333498,0.603448059,76.992
5,HiRain_SWW_SP,0.938614419,0.55824998,68.288
6,HiRain_SWW_SP,0.930354374,0.542933202,68.576
7,HiRain_SWW_SP,0.939717022,0.573265865,66.688
8,HiRain_SWW_SP,0.945731106,0.601164667,72.48
9,HiRain_SWW_SP,0.937170305,0.575344422,75.104
10,HiRain_SWW_SP,0.950125941,0.622055467,82.816
11,HiRain_SWW_SP,0.950346144,0.617928176,87.008
12,HiRain_SWW_SP,0.94991774,0.630918044,86.304
13,HiRain_SWW_SP,0.932044741,0.55391397,71.904
14,HiRain_SWW_SP,0.956136148,0.6701414,59.552
15,HiRain_SWW_SP,0.947583417,0.62063522,56.96
16,HiRain_SWW_SP,0.955427441,0.650043605,81.792
17,HiRain_SWW_SP,0.961581172,0.687106049,103.296
18,HiRain_SWW_SP,0.954714073,0.646773984,90.368
19,HiRain_SWW_SP,0.953636034,0.637413687,90.496
20,HiRain_SWW_SP,0.941618326,0.589186146,83.104
21,HiRain_SWW_SP,0.954092877,0.649251883,94.592
22,HiRain_SWW_SP,0.936061905,0.54692701,82.816
23,HiRain_SWW_SP,0.951279003,0.631216898,93.856
24,HiRain_SWW_SP,0.938092764,0.56229224,73.376
25,HiRain_SWW_SP,0.951745251,0.624268193,79.904
26,HiRain_SWW_SP,0.951012853,0.61640117,83.232
27,HiRain_SWW_SP,0.936430874,0.554748922,79.456
28,HiRain_SWW_SP,0.949544847,0.611600508,86.304
29,HiRain_SWW_SP,0.963216369,0.686511923,104.16
30,HiRain_SWW_SP,0.948057418,0.599734057,90.816
31,HiRain_SWW_SP,0.956024164,0.65978231,95.008
32,HiRain_SWW_SP,0.955880537,0.655175775,87.168
33,HiRain_SWW_SP,0.950310865,0.628170549,88.768
34,HiRain_SWW_SP,0.952902102,0.62938495,85.12
35,HiRain_SWW_SP,0.95250516,0.629424501,88.608
36,HiRain_SWW_SP,0.951508355,0.633396148,86.72
37,HiRain_SWW_SP,0.9419665,0.594827435,64.512
38,HiRain_SWW_SP,0.955683368,0.644303284,81.216
39,HiRain_SWW_SP,0.960752305,0.676424701,94.144
40,HiRain_SWW_SP,0.969777065,0.746563568,99.52
41,HiRain_SWW_SP,0.964408891,0.704793056,105.184
42,HiRain_SWW_SP,0.962948071,0.704759959,67.712
43,HiRain_SWW_SP,0.951519837,0.665867124,67.104
44,HiRain_SWW_SP,0.960920149,0.703443875,109.408
45,HiRain_SWW_SP,0.952725088,0.632160355,90.496
46,HiRain_SWW_SP,0.961588163,0.683306165,104.896
47,HiRain_SWW_SP,0.942665923,0.612512654,94.592
48,HiRain_SWW_SP,0.953825993,0.642936932,93.408
49,HiRain_SWW_SP,0.959141774,0.675229356,102.72
50,HiRain_SWW_SP,0.958459412,0.665032048,96.48
51,HiRain_SWW_SP,0.918847346,0.502733959,89.504
52,HiRain_SWW_SP,0.953892571,0.63834007,91.968
53,HiRain_SWW_SP,0.929686794,0.554954521,73.664
54,HiRain_SWW_SP,0.94682975,0.604654862,83.84
55,HiRain_SWW_SP,0.956593918,0.646563269,88.896
56,HiRain_SWW_SP,0.957722983,0.65009637,87.456
57,HiRain_SWW_SP,0.949403004,0.610458858,82.656
58,HiRain_SWW_SP,0.953418211,0.630737524,93.696
59,HiRain_SWW_SP,0.950018231,0.605317338,87.744
60,HiRain_SWW_SP,0.957074268,0.652087114,92.544
61,HiRain_SWW_SP,0.945101261,0.578535384,77.28
62,HiRain_SWW_SP,0.964640436,0.697457863,98.944
63,HiRain_SWW_SP,0.958249242,0.666831818,98.368
64,HiRain_SWW_SP,0.96071757,0.666756716,103.008
65,HiRain_SWW_SP,0.948663413,0.611916133,89.632
66,HiRain_SWW_SP,0.958919547,0.66435186,101.856
67,HiRain_SWW_SP,0.926775556,0.538488046,59.264
68,HiRain_SWW_SP,0.941917871,0.596663696,62.624
69,HiRain_SWW_SP,0.963548458,0.693762558,104.736
70,HiRain_SWW_SP,0.958219791,0.697688449,80.064
71,HiRain_SWW_SP,0.95625456,0.657339155,91.968
72,HiRain_SWW_SP,0.94614264,0.632231583,73.376
73,HiRain_SWW_SP,0.933101625,0.577783372,75.84
74,HiRain_SWW_SP,0.914247723,0.533681014,60.576
75,HiRain_SWW_SP,0.924101692,0.538755139,70.592
76,HiRain_SWW_SP,0.874914064,0.52694688,41.248
77,HiRain_SWW_SP,0.952057619,0.643538928,89.344
78,HiRain_SWW_SP,0.94047338,0.570818261,86.304
79,HiRain_SWW_SP,0.936750711,0.556250644,88.032
80,HiRain_SWW_SP,0.946344923,0.599188846,91.392
81,HiRain_SWW_SP,0.961428967,0.691166685,107.808
82,HiRain_SWW_SP,0.938632606,0.570731218,74.528
83,HiRain_SWW_SP,0.922901474,0.5557195,60.576
84,HiRain_SWW_SP,0.9354198,0.567097326,62.176
85,HiRain_SWW_SP,0.961094451,0.6758051,88.896
86,HiRain_SWW_SP,0.939895605,0.560780693,92.704
87,HiRain_SWW_SP,0.939706628,0.565131576,101.12
88,HiRain_SWW_SP,0.932689895,0.547536511,94.88
89,HiRain_SWW_SP,0.936200372,0.548943471,79.168
90,HiRain_SWW_SP,0.9366711,0.57855872,89.216
91,HiRain_SWW_SP,0.962198611,0.690244962,104.448
92,HiRain_SWW_SP,0.959004947,0.66737337,91.808
93,HiRain_SWW_SP,0.930012901,0.527471943,85.44
94,HiRain_SWW_SP,0.949088107,0.612218758,86.144
95,HiRain_SWW_SP,0.926191944,0.521227809,101.696
96,HiRain_SWW_SP,0.927218956,0.515952634,88.32
97,HiRain_SWW_SP,0.932932615,0.551540961,93.568
98,HiRain_SWW_SP,0.945872015,0.60969753,89.344
99,HiRain_SWW_SP,0.929275018,0.556615737,68.416
100,HiRain_SWW_SP,0.943032068,0.590113107,83.392
101,HiRain_SWW_SP,0.945553582,0.610550374,98.496
102,HiRain_SWW_SP,0.938087254,0.54387124,84.704
103,HiRain_SWW_SP,0.938248927,0.555194884,86.144
104,HiRain_SWW_SP,0.931775807,0.532036426,80.48
105,HiRain_SWW_SP,0.891511412,0.408139784,67.264
106,HiRain_SWW_SP,0.87963255,0.390155662,55.776
107,HiRain_SWW_SP,0.920710189,0.492688488,39.648
108,HiRain_SWW_SP,0.911654971,0.45690712,65.088
109,HiRain_SWW_SP,0.923810526,0.492468541,71.616
110,HiRain_SWW_SP,0.935139474,0.543015385,77.152
111,HiRain_SWW_SP,0.924000614,0.514547144,91.104
112,HiRain_SWW_SP,0.960902211,0.67594041,84.128
113,HiRain_SWW_SP,0.957768167,0.65497139,95.584
114,HiRain_SWW_SP,0.957549984,0.651321034,86.592
115,HiRain_SWW_SP,0.947834191,0.590897449,94.592
116,HiRain_SWW_SP,0.937193719,0.536268096,90.816
117,HiRain_SWW_SP,0.912880582,0.460014672,83.104
118,HiRain_SWW_SP,0.919428838,0.460869022,79.616
119,HiRain_SWW_SP,0.9273159,0.513314443,73.088
120,HiRain_SWW_SP,0.936266246,0.536261862,80.192
121,HiRain_SWW_SP,0.934104285,0.540595037,78.304
122,HiRain_SWW_SP,0.942578267,0.573696521,99.648
123,HiRain_SWW_SP,0.937026099,0.544710763,74.528
124,HiRain_SWW_SP,0.955698978,0.649729741,91.68
125,HiRain_SWW_SP,0.92959356,0.537431384,73.504
126,HiRain_SWW_SP,0.950989649,0.616042487,78.176
127,HiRain_SWW_SP,0.953999818,0.646247443,100.672
128,HiRain_SWW_SP,0.941408311,0.587386139,90.944
129,HiRain_SWW_SP,0.952058271,0.622798154,104.16
130,HiRain_SWW_SP,0.952862125,0.63083533,91.232
131,HiRain_SWW_SP,0.950932629,0.612899005,106.208
132,HiRain_SWW_SP,0.953412246,0.634680937,88.192
133,HiRain_SWW_SP,0.951838821,0.622981009,93.408
134,HiRain_SWW_SP,0.935085332,0.551258955,80.352
135,HiRain_SWW_SP,0.941651676,0.575696975,86.016
136,HiRain_SWW_SP,0.939759434,0.563151403,94.272
137,HiRain_SWW_SP,0.943971378,0.588673078,99.52
138,HiRain_SWW_SP,0.949397178,0.612308508,95.456
139,HiRain_SWW_SP,0.916844819,0.458859283,79.168
140,HiRain_SWW_SP,0.903988583,0.436645457,79.168
141,HiRain_SWW_SP,0.951364808,0.612855878,93.696
142,HiRain_SWW_SP,0.944089526,0.581815693,91.808
143,HiRain_SWW_SP,0.946481714,0.599484074,106.208
144,HiRain_SWW_SP,0.945532686,0.600058857,94.432
145,HiRain_SWW_SP,0.952529889,0.644878565,98.656
146,HiRain_SWW_SP,0.960198681,0.671676004,100.544
147,HiRain_SWW_SP,0.956295739,0.639750853,90.816
148,HiRain_SWW_SP,0.955425521,0.638387121,92.256
149,HiRain_SWW_SP,0.950835055,0.623893308,89.632
150,HiRain_SWW_SP,0.960429889,0.674698026,101.856
151,HiRain_SWW_SP,0.966409549,0.724175862,109.984
152,HiRain_SWW_SP,0.953408096,0.628612993,106.048
153,HiRain_SWW_SP,0.959617817,0.670968771,98.368
154,HiRain_SWW_SP,0.958682094,0.66270688,105.76
155,HiRain_SWW_SP,0.962326033,0.690605787,116.512
156,HiRain_SWW_SP,0.962807137,0.694086971,110.848
157,HiRain_SWW_SP,0.968315152,0.728106778,111.584
158,HiRain_SWW_SP,0.954208764,0.651612145,109.248
159,HiRain_SWW_SP,0.958242389,0.65666735,111.296
160,HiRain_SWW_SP,0.944692437,0.599596597,83.232
161,HiRain_SWW_SP,0.965597111,0.70772543,112
162,HiRain_SWW_SP,0.946425511,0.594053196,93.28
163,HiRain_SWW_SP,0.937718631,0.556437028,90.816
164,HiRain_SWW_SP,0.952352107,0.635262116,92.096
165,HiRain_SWW_SP,0.948901622,0.60696855,87.744
166,HiRain_SWW_SP,0.929559602,0.535175601,78.752
167,HiRain_SWW_SP,0.93986351,0.558416265,73.792
168,HiRain_SWW_SP,0.920782704,0.487122462,76.576
169,HiRain_SWW_SP,0.963385095,0.684688927,115.2
170,HiRain_SWW_SP,0.95958471,0.66214925,98.944
171,HiRain_SWW_SP,0.934492294,0.534938655,106.336
172,HiRain_SWW_SP,0.961199684,0.666765488,108.672
173,HiRain_SWW_SP,0.96273783,0.676653241,102.848
174,HiRain_SWW_SP,0.955954414,0.648252901,113.184
175,HiRain_SWW_SP,0.949823731,0.625280001,91.968
176,HiRain_SWW_SP,0.958832664,0.682425393,117.664
177,HiRain_SWW_SP,0.949661318,0.624065233,100.256
178,HiRain_SWW_SP,0.958908178,0.665419381,120.448
179,HiRain_SWW_SP,0.964521829,0.698052269,117.536
180,HiRain_SWW_SP,0.969189144,0.728351606,121.6
181,HiRain_SWW_SP,0.962983687,0.687214334,116.96
182,HiRain_SWW_SP,0.96296341,0.693353974,127.424
183,HiRain_SWW_SP,0.971176771,0.748619558,133.376
184,HiRain_SWW_SP,0.967551175,0.719192599,128.864
185,HiRain_SWW_SP,0.970301919,0.741520294,135.552
186,HiRain_SWW_SP,0.967621762,0.731697511,126.816
187,HiRain_SWW_SP,0.96664542,0.715256924,124.64
188,HiRain_SWW_SP,0.969835123,0.734391115,111.424
189,HiRain_SWW_SP,0.967815392,0.726977787,115.488
190,HiRain_SWW_SP,0.965535868,0.707016947,111.008
191,HiRain_SWW_SP,0.964785706,0.704208144,112.896
192,HiRain_SWW_SP,0.96410458,0.713069826,109.12
193,HiRain_SWW_SP,0.958170723,0.656602716,123.936
194,HiRain_SWW_SP,0.968580432,0.732434124,110.848
195,HiRain_SWW_SP,0.959381058,0.680045864,107.648
196,HiRain_SWW_SP,0.946676186,0.605977749,103.008
197,HiRain_SWW_SP,0.9521025,0.629901699,109.984
198,HiRain_SWW_SP,0.961338765,0.683745633,105.92
199,HiRain_SWW_SP,0.96618656,0.707825019,108.512
200,HiRain_SWW_SP,0.962182941,0.685701102,103.136
201,HiRain_SWW_SP,0.972917315,0.757792813,120.864
202,HiRain_SWW_SP,0.97111738,0.740918472,114.176
203,HiRain_SWW_SP,0.963955244,0.686269929,108.384
204,HiRain_SWW_SP,0.965111272,0.703741498,114.496
205,HiRain_SWW_SP,0.969545003,0.733516107,115.648
206,HiRain_SWW_SP,0.971968706,0.749821877,117.376
207,HiRain_SWW_SP,0.973642308,0.770299568,127.84
208,HiRain_SWW_SP,0.966739896,0.715302822,128.704
209,HiRain_SWW_SP,0.97564658,0.773253584,128.128
210,HiRain_SWW_SP,0.955776445,0.642403816,95.584
211,HiRain_SWW_SP,0.966754355,0.718324473,115.776
212,HiRain_SWW_SP,0.95899387,0.692836073,99.072
213,HiRain_SWW_SP,0.94323558,0.614002245,86.304
214,HiRain_SWW_SP,0.951931681,0.659221868,99.648
215,HiRain_SWW_SP,0.964485203,0.704105217,111.008
216,HiRain_SWW_SP,0.951352067,0.645036702,96.896
217,HiRain_SWW_SP,0.955159299,0.644235703,101.696
218,HiRain_SWW_SP,0.948181486,0.615823551,83.84
219,HiRain_SWW_SP,0.932916711,0.614898515,84.544
220,HiRain_SWW_SP,0.937842437,0.568271925,90.944
221,HiRain_SWW_SP,0.951178785,0.627309411,94.144
222,HiRain_SWW_SP,0.932367076,0.558669598,73.952
223,HiRain_SWW_SP,0.92943337,0.530909399,81.504
224,HiRain_SWW_SP,0.927418809,0.545708405,78.016
225,HiRain_SWW_SP,0.944292377,0.594611455,92.096
226,HiRain_SWW_SP,0.947155658,0.616076228,87.744
227,HiRain_SWW_SP,0.935206637,0.563679426,93.696
228,HiRain_SWW_SP,0.937804488,0.581395403,90.208
229,HiRain_SWW_SP,0.941148303,0.579737079,75.84
230,HiRain_SWW_SP,0.948876652,0.614044076,95.008
231,HiRain_SWW_SP,0.92255985,0.490488892,92.544
232,HiRain_SWW_SP,0.966723492,0.719175796,97.056
233,HiRain_SWW_SP,0.961608141,0.684649992,98.208
234,HiRain_SWW_SP,0.967362917,0.732417616,96.48
235,HiRain_SWW_SP,0.968611447,0.737551094,104.448
236,HiRain_SWW_SP,0.960579083,0.68430875,108.096
237,HiRain_SWW_SP,0.953282767,0.6520107,92.704
238,HiRain_SWW_SP,0.956124063,0.669505309,96.48
239,HiRain_SWW_SP,0.956018072,0.681725942,85.856
240,HiRain_SWW_SP,0.964378525,0.721064306,96.896
241,HiRain_SWW_SP,0.950519742,0.644870296,87.328
242,HiRain_SWW_SP,0.966388517,0.745117327,88.32
243,HiRain_SWW_SP,0.914319402,0.526440019,71.328
244,HiRain_SWW_SP,0.963983576,0.710621512,81.344
245,HiRain_SWW_SP,0.958016238,0.684327659,86.304
246,HiRain_SWW_SP,0.95929532,0.678168869,82.944
247,HiRain_SWW_SP,0.957363511,0.670780783,85.44
248,HiRain_SWW_SP,0.955932639,0.673190611,90.208
249,HiRain_SWW_SP,0.943365216,0.609381589,77.856
250,HiRain_SWW_SP,0.954409122,0.669596484,98.208
1,Metribuzin_Trail_NoSpray,0.964426876,0.700872797,119.424
2,Metribuzin_Trail_NoSpray,0.967072717,0.725018829,118.688
3,Metribuzin_Trail_NoSpray,0.968804434,0.750275085,119.872
4,Metribuzin_Trail_NoSpray,0.976972433,0.801280757,126.816
5,Metribuzin_Trail_NoSpray,0.964195648,0.722979493,114.912
6,Metribuzin_Trail_NoSpray,0.974050399,0.775020499,129.312
7,Metribuzin_Trail_NoSpray,0.972800964,0.768937834,120.448
8,Metribuzin_Trail_NoSpray,0.971982233,0.76423033,132.64
9,Metribuzin_Trail_NoSpray,0.973659457,0.775506136,118.56
10,Metribuzin_Trail_NoSpray,0.970163545,0.762015052,108.96
11,Metribuzin_Trail_NoSpray,0.962442357,0.727299251,98.368
12,Metribuzin_Trail_NoSpray,0.965855685,0.736123109,91.392
13,Metribuzin_Trail_NoSpray,0.96858326,0.758038535,100.256
14,Metribuzin_Trail_NoSpray,0.961196352,0.684536356,104.16
15,Metribuzin_Trail_NoSpray,0.966872438,0.735443426,104.32
16,Metribuzin_Trail_NoSpray,0.965576517,0.730449981,112.448
17,Metribuzin_Trail_NoSpray,0.967965188,0.740748909,80.352
18,Metribuzin_Trail_NoSpray,0.944601037,0.614869039,84.256
19,Metribuzin_Trail_NoSpray,0.954465128,0.661486702,87.456
20,Metribuzin_Trail_NoSpray,0.961311941,0.709393091,82.816
21,Metribuzin_Trail_NoSpray,0.968186295,0.735918398,104.736
22,Metribuzin_Trail_NoSpray,0.969164607,0.75132115,101.248
23,Metribuzin_Trail_NoSpray,0.947436595,0.615302288,85.728
24,Metribuzin_Trail_NoSpray,0.965540287,0.727134103,90.816
25,Metribuzin_Trail_NoSpray,0.955176941,0.659090126,86.432
26,Metribuzin_Trail_NoSpray,0.963993626,0.711459964,83.84
27,Metribuzin_Trail_NoSpray,0.967193485,0.734204053,95.008
28,Metribuzin_Trail_NoSpray,0.969319403,0.760684969,89.344
29,Metribuzin_Trail_NoSpray,0.95249207,0.646114209,91.104
30,Metribuzin_Trail_NoSpray,0.96884294,0.749930189,87.328
31,Metribuzin_Trail_NoSpray,0.953406042,0.678689047,82.368
32,Metribuzin_Trail_NoSpray,0.965359976,0.718309494,104.736
33,Metribuzin_Trail_NoSpray,0.967574737,0.736178905,100.832
34,Metribuzin_Trail_NoSpray,0.971058137,0.760236047,101.696
35,Metribuzin_Trail_NoSpray,0.967904558,0.750507108,96.48
36,Metribuzin_Trail_NoSpray,0.961963542,0.717109075,94.88
1,Metribuzin_Trial_Spray,0.948247174,0.611215418,101.536
2,Metribuzin_Trial_Spray,0.949624508,0.628910845,94.272
3,Metribuzin_Trial_Spray,0.964398557,0.715388628,110.112
4,Metribuzin_Trial_Spray,0.956155949,0.679480926,105.472
5,Metribuzin_Trial_Spray,0.944537236,0.635555903,75.104
6,Metribuzin_Trial_Spray,0.960416286,0.694192036,91.968
7,Metribuzin_Trial_Spray,0.963229021,0.711424777,90.816
8,Metribuzin_Trial_Spray,0.957123253,0.681080708,102.144
9,Metribuzin_Trial_Spray,0.962757818,0.706626728,105.92
10,Metribuzin_Trial_Spray,0.962495397,0.702039981,103.584
11,Metribuzin_Trial_Spray,0.964571592,0.728198204,104.16
12,Metribuzin_Trial_Spray,0.96640348,0.730517732,103.744
13,Metribuzin_Trial_Spray,0.966490932,0.74633627,108.672
14,Metribuzin_Trial_Spray,0.953215207,0.638602781,101.856
15,Metribuzin_Trial_Spray,0.963688089,0.711309645,111.296
16,Metribuzin_Trial_Spray,0.966849749,0.730785493,118.272
17,Metribuzin_Trial_Spray,0.967400762,0.734000993,61.152
18,Metribuzin_Trial_Spray,0.941029253,0.583739419,80.48
19,Metribuzin_Trial_Spray,0.951844455,0.636129935,86.304
20,Metribuzin_Trial_Spray,0.963297786,0.709763667,90.656
21,Metribuzin_Trial_Spray,0.962817036,0.711767338,96.896
22,Metribuzin_Trial_Spray,0.963743567,0.718111214,98.656
23,Metribuzin_Trial_Spray,0.940453625,0.594007362,90.368
24,Metribuzin_Trial_Spray,0.961941844,0.719297386,106.336
25,Metribuzin_Trial_Spray,0.949160376,0.64062898,79.904
26,Metribuzin_Trial_Spray,0.962909195,0.716215063,84.832
27,Metribuzin_Trial_Spray,0.963580899,0.720151626,85.12
28,Metribuzin_Trial_Spray,0.964890448,0.743253483,87.008
29,Metribuzin_Trial_Spray,0.948291429,0.629122198,79.168
30,Metribuzin_Trial_Spray,0.967396358,0.749894486,71.04
31,Metribuzin_Trial_Spray,0.959960355,0.712101724,79.328
32,Metribuzin_Trial_Spray,0.960165939,0.695105731,87.744
33,Metribuzin_Trial_Spray,0.958427116,0.694894974,91.232
34,Metribuzin_Trial_Spray,0.962747679,0.720723563,93.568
35,Metribuzin_Trial_Spray,0.964782271,0.739604661,97.184
36,Metribuzin_Trial_Spray,0.957792415,0.699993518,90.496
